date,week,ili,y,imputed,ww,n_plants,season,in_season
2012-12-31,2013-W01,88.87,4.49836418167028,FALSE,,,2012,TRUE
2013-01-07,2013-W02,152.67,5.03480744606724,FALSE,,,2012,TRUE
2013-01-14,2013-W03,208.95,5.3468694071302,FALSE,,,2012,TRUE
2013-01-21,2013-W04,303.85,5.71981985235383,FALSE,,,2012,TRUE
2013-01-28,2013-W05,419.42,6.0412542116105,FALSE,,,2012,TRUE
2013-02-04,2013-W06,486.47,6.1892287500828,FALSE,,,2012,TRUE
2013-02-11,2013-W07,387.68,5.96275638297124,FALSE,,,2012,TRUE
2013-02-18,2013-W08,317.37,5.76321422842561,FALSE,,,2012,TRUE
2013-02-25,2013-W09,220.5,5.40042258948519,FALSE,,,2012,TRUE
2013-03-04,2013-W10,219.69,5.39675900186007,FALSE,,,2012,TRUE
2013-03-11,2013-W11,108.25,4.6936388339757,FALSE,,,2012,TRUE
2013-03-18,2013-W12,81.52,4.41304068820305,FALSE,,,2012,TRUE
2013-03-25,2013-W13,45.92,3.84844402378528,FALSE,,,2012,TRUE
2013-04-01,2013-W14,26.91,3.32898504754823,FALSE,,,2012,TRUE
2013-04-08,2013-W15,21.32,3.10548313751311,FALSE,,,2012,TRUE
2013-04-15,2013-W16,7.84,2.17928687664955,FALSE,,,2012,TRUE
2013-04-22,2013-W17,4.6,1.7227665977411,FALSE,,,2012,FALSE
2013-04-29,2013-W18,4.48,1.70110510095992,FALSE,,,2012,FALSE
2013-05-06,2013-W19,7.61,2.15292431843964,FALSE,,,2012,FALSE
2013-05-13,2013-W20,5.29,1.83896107071235,FALSE,,,2012,FALSE
2013-05-20,2013-W21,4.66,1.73342389221509,FALSE,,,2012,FALSE
2013-05-27,2013-W22,4.6,1.7227665977411,FALSE,,,2012,FALSE
2013-06-03,2013-W23,3.46,1.49514876603197,FALSE,,,2012,FALSE
2013-06-10,2013-W24,2.7,1.30833281965018,FALSE,,,2012,FALSE
2013-06-17,2013-W25,1.8,1.02961941718116,FALSE,,,2012,FALSE
2013-06-24,2013-W26,2.23,1.17248213723457,FALSE,,,2012,FALSE
2013-07-01,2013-W27,2.49,1.24990173621434,FALSE,,,2012,FALSE
2013-07-08,2013-W28,1.84,1.04380405217311,FALSE,,,2012,FALSE
2013-07-15,2013-W29,1.19,0.783901543828409,FALSE,,,2012,FALSE
2013-07-22,2013-W30,1.63,0.966983846189673,FALSE,,,2012,FALSE
2013-07-29,2013-W31,1.39,0.871293365943419,FALSE,,,2012,FALSE
2013-08-05,2013-W32,2.77,1.32707500145992,FALSE,,,2012,FALSE
2013-08-12,2013-W33,0.62,0.482426149244293,FALSE,,,2012,FALSE
2013-08-19,2013-W34,1.22,0.797507195884188,FALSE,,,2012,FALSE
2013-08-26,2013-W35,1.77,1.01884732019925,FALSE,,,2012,FALSE
2013-09-02,2013-W36,6.51,2.01623546577604,FALSE,,,2012,FALSE
2013-09-09,2013-W37,1.27,0.819779831493311,FALSE,,,2012,FALSE
2013-09-16,2013-W38,2.38,1.21787570949493,FALSE,,,2012,FALSE
2013-09-23,2013-W39,5.09,1.80664808172181,FALSE,,,2012,FALSE
2013-09-30,2013-W40,9.67,2.36743606531366,FALSE,,,2013,TRUE
2013-10-07,2013-W41,11.5,2.52572864430826,FALSE,,,2013,TRUE
2013-10-14,2013-W42,16.07,2.83732253680635,FALSE,,,2013,TRUE
2013-10-21,2013-W43,10.49,2.44147709186066,FALSE,,,2013,TRUE
2013-10-28,2013-W44,7.83,2.17815501461587,FALSE,,,2013,TRUE
2013-11-04,2013-W45,18.3,2.96010509591084,FALSE,,,2013,TRUE
2013-11-11,2013-W46,14.17,2.71931979336044,FALSE,,,2013,TRUE
2013-11-18,2013-W47,25.47,3.27601201623901,FALSE,,,2013,TRUE
2013-11-25,2013-W48,13.35,2.66374994220563,FALSE,,,2013,TRUE
2013-12-02,2013-W49,16.71,2.87412945179474,FALSE,,,2013,TRUE
2013-12-09,2013-W50,14.76,2.75747508442973,FALSE,,,2013,TRUE
2013-12-16,2013-W51,22.87,3.17262244035074,FALSE,,,2013,TRUE
2013-12-23,2013-W52,9.48,2.3494686788929,FALSE,,,2013,TRUE
2013-12-30,2014-W01,22.13,3.14113047624335,FALSE,,,2013,TRUE
2014-01-06,2014-W02,46.02,3.85057304311192,FALSE,,,2013,TRUE
2014-01-13,2014-W03,54.22,4.01132520650201,FALSE,,,2013,TRUE
2014-01-20,2014-W04,72.67,4.29959566069472,FALSE,,,2013,TRUE
2014-01-27,2014-W05,94.95,4.56382722245371,FALSE,,,2013,TRUE
2014-02-03,2014-W06,124.82,4.83485231414188,FALSE,,,2013,TRUE
2014-02-10,2014-W07,142.92,4.96925758964228,FALSE,,,2013,TRUE
2014-02-17,2014-W08,142.76,4.9681452424753,FALSE,,,2013,TRUE
2014-02-24,2014-W09,133.83,4.90401472564598,FALSE,,,2013,TRUE
2014-03-03,2014-W10,99.35,4.60866407524235,FALSE,,,2013,TRUE
2014-03-10,2014-W11,68.07,4.23512048310088,FALSE,,,2013,TRUE
2014-03-17,2014-W12,60.97,4.12665039697402,FALSE,,,2013,TRUE
2014-03-24,2014-W13,30.22,3.44105891508729,FALSE,,,2013,TRUE
2014-03-31,2014-W14,24.81,3.25076201373052,FALSE,,,2013,TRUE
2014-04-07,2014-W15,11.24,2.50470927708418,FALSE,,,2013,TRUE
2014-04-14,2014-W16,14.75,2.75684036527164,FALSE,,,2013,TRUE
2014-04-21,2014-W17,2.09,1.12817109090965,FALSE,,,2013,FALSE
2014-04-28,2014-W18,5.6,1.88706964903238,FALSE,,,2013,FALSE
2014-05-05,2014-W19,6.77,2.05027016437956,FALSE,,,2013,FALSE
2014-05-12,2014-W20,2.68,1.30291275218084,FALSE,,,2013,FALSE
2014-05-19,2014-W21,5.29,1.83896107071235,FALSE,,,2013,FALSE
2014-05-26,2014-W22,0.63,0.488580014818671,FALSE,,,2013,FALSE
2014-06-02,2014-W23,2.24,1.17557332980424,FALSE,,,2013,FALSE
2014-06-09,2014-W24,0.69,0.524728528934982,FALSE,,,2013,FALSE
2014-06-16,2014-W25,1.69,0.989541193613748,FALSE,,,2013,FALSE
2014-06-23,2014-W26,0.59,0.46373401623214,FALSE,,,2013,FALSE
2014-06-30,2014-W27,1.7,0.993251773010283,FALSE,,,2013,FALSE
2014-07-07,2014-W28,1.75,1.01160091167848,FALSE,,,2013,FALSE
2014-07-14,2014-W29,2.34,1.20597080698861,FALSE,,,2013,FALSE
2014-07-21,2014-W30,1.11,0.746687947487975,FALSE,,,2013,FALSE
2014-07-28,2014-W31,0,0,FALSE,,,2013,FALSE
2014-08-04,2014-W32,0.64,0.494696241836107,FALSE,,,2013,FALSE
2014-08-11,2014-W33,1.23,0.802001585472027,FALSE,,,2013,FALSE
2014-08-18,2014-W34,1.15,0.765467842139571,FALSE,,,2013,FALSE
2014-08-25,2014-W35,2.99,1.38379123090177,FALSE,,,2013,FALSE
2014-09-01,2014-W36,1.23,0.802001585472027,FALSE,,,2013,FALSE
2014-09-08,2014-W37,2.82,1.34025042261848,FALSE,,,2013,FALSE
2014-09-15,2014-W38,5.91,1.93296963777958,FALSE,,,2013,FALSE
2014-09-22,2014-W39,5.73,1.90657514365664,FALSE,,,2013,FALSE
2014-09-29,2014-W40,4.02,1.61342993370364,FALSE,,,2014,TRUE
2014-10-06,2014-W41,7.09,2.0906287310704,FALSE,,,2014,TRUE
2014-10-13,2014-W42,7.17,2.10046890887191,FALSE,,,2014,TRUE
2014-10-20,2014-W43,11.95,2.56109578814555,FALSE,,,2014,TRUE
2014-10-27,2014-W44,9.51,2.35232718488886,FALSE,,,2014,TRUE
2014-11-03,2014-W45,11.74,2.54474665014402,FALSE,,,2014,TRUE
2014-11-10,2014-W46,17.93,2.94074796522123,FALSE,,,2014,TRUE
2014-11-17,2014-W47,11.93,2.55955019278377,FALSE,,,2014,TRUE
2014-11-24,2014-W48,20.91,3.08694315360738,FALSE,,,2014,TRUE
2014-12-01,2014-W49,20.46,3.06619073720255,FALSE,,,2014,TRUE
2014-12-08,2014-W50,25.42,3.27412129909418,FALSE,,,2014,TRUE
2014-12-15,2014-W51,36.53,3.62514061314693,FALSE,,,2014,TRUE
2014-12-22,2014-W52,18.86,2.98870765861703,FALSE,,,2014,TRUE
2014-12-29,2015-W01,50.61,3.94371545216064,FALSE,,,2014,TRUE
2015-01-05,2015-W02,108.9,4.69957086140958,FALSE,,,2014,TRUE
2015-01-12,2015-W03,162.74,5.0982798039483,FALSE,,,2014,TRUE
2015-01-19,2015-W04,273.4,5.61458689585173,FALSE,,,2014,TRUE
2015-01-26,2015-W05,361.09,5.89189279970977,FALSE,,,2014,TRUE
2015-02-02,2015-W06,439.28,6.08741088815519,FALSE,,,2014,TRUE
2015-02-09,2015-W07,426.9,6.05888952342277,FALSE,,,2014,TRUE
2015-02-16,2015-W08,382.93,5.95046024430392,FALSE,,,2014,TRUE
2015-02-23,2015-W09,297.12,5.69749609001349,FALSE,,,2014,TRUE
2015-03-02,2015-W10,218.53,5.39148889743583,FALSE,,,2014,TRUE
2015-03-09,2015-W11,140.53,4.95251170874575,FALSE,,,2014,TRUE
2015-03-16,2015-W12,99.67,4.61184784074133,FALSE,,,2014,TRUE
2015-03-23,2015-W13,68.19,4.23685634351072,FALSE,,,2014,TRUE
2015-03-30,2015-W14,38.56,3.67781850675451,FALSE,,,2014,TRUE
2015-04-06,2015-W15,31.89,3.49316866020097,FALSE,,,2014,TRUE
2015-04-13,2015-W16,21.43,3.11039934853212,FALSE,,,2014,TRUE
2015-04-20,2015-W17,14.54,2.7434173449395,FALSE,,,2014,FALSE
2015-04-27,2015-W18,9.35,2.33698651971138,FALSE,,,2014,FALSE
2015-05-04,2015-W19,5.2,1.82454929205105,FALSE,,,2014,FALSE
2015-05-11,2015-W20,1.39,0.871293365943419,FALSE,,,2014,FALSE
2015-05-18,2015-W21,2.08,1.12492959698548,FALSE,,,2014,FALSE
2015-05-25,2015-W22,0,0,FALSE,,,2014,FALSE
2015-06-01,2015-W23,0.55,0.438254930931155,FALSE,,,2014,FALSE
2015-06-08,2015-W24,1.14,0.76080582903376,FALSE,,,2014,FALSE
2015-06-15,2015-W25,0.59,0.46373401623214,FALSE,,,2014,FALSE
2015-06-22,2015-W26,1.26,0.815364813284195,FALSE,,,2014,FALSE
2015-06-29,2015-W27,0.6,0.470003629245736,FALSE,,,2014,FALSE
2015-07-06,2015-W28,3.04,1.39624469197306,FALSE,,,2014,FALSE
2015-07-13,2015-W29,1.27,0.819779831493311,FALSE,,,2014,FALSE
2015-07-20,2015-W30,1.24,0.806475865866949,FALSE,,,2014,FALSE
2015-07-27,2015-W31,0,0,FALSE,,,2014,FALSE
2015-08-03,2015-W32,0.61,0.476234178996372,FALSE,,,2014,FALSE
2015-08-10,2015-W33,0.63,0.488580014818671,FALSE,,,2014,FALSE
2015-08-17,2015-W34,0.64,0.494696241836107,FALSE,,,2014,FALSE
2015-08-24,2015-W35,1.27,0.819779831493311,FALSE,,,2014,FALSE
2015-08-31,2015-W36,1.9,1.06471073699243,FALSE,,,2014,FALSE
2015-09-07,2015-W37,2.66,1.29746314741328,FALSE,,,2014,FALSE
2015-09-14,2015-W38,5.37,1.85159946958407,FALSE,,,2014,FALSE
2015-09-21,2015-W39,10.64,2.45444744230329,FALSE,,,2014,FALSE
2015-09-28,2015-W40,6.38,1.99877363861238,FALSE,,,2015,TRUE
2015-10-05,2015-W41,10.83,2.4706386779903,FALSE,,,2015,TRUE
2015-10-12,2015-W42,19.21,3.00617753141553,FALSE,,,2015,TRUE
2015-10-19,2015-W43,20.95,3.08876713952118,FALSE,,,2015,TRUE
2015-10-26,2015-W44,25.36,3.27184770963431,FALSE,,,2015,TRUE
2015-11-02,2015-W45,12.24,2.58324255050886,FALSE,,,2015,TRUE
2015-11-09,2015-W46,10.4,2.43361335540045,FALSE,,,2015,TRUE
2015-11-16,2015-W47,9.78,2.37769256548085,FALSE,,,2015,TRUE
2015-11-23,2015-W48,14.4,2.73436750941958,FALSE,,,2015,TRUE
2015-11-30,2015-W49,16.29,2.8501282996952,FALSE,,,2015,TRUE
2015-12-07,2015-W50,16.13,2.84083131233603,FALSE,,,2015,TRUE
2015-12-14,2015-W51,18.78,2.98467132619457,FALSE,,,2015,TRUE
2015-12-21,2015-W52,19.2,3.00568260440716,FALSE,,,2015,TRUE
2015-12-28,2015-W53,33.83,3.55047908437791,FALSE,,,2015,TRUE
2016-01-04,2016-W01,50.61,3.94371545216064,FALSE,,,2015,TRUE
2016-01-11,2016-W02,95.49,4.56943937603229,FALSE,,,2015,TRUE
2016-01-18,2016-W03,122.04,4.81250950575733,FALSE,,,2015,TRUE
2016-01-25,2016-W04,192.88,5.26723941097718,FALSE,,,2015,TRUE
2016-02-01,2016-W05,241.53,5.49112541406613,FALSE,,,2015,TRUE
2016-02-08,2016-W06,314.49,5.75412698575787,FALSE,,,2015,TRUE
2016-02-15,2016-W07,300.96,5.71029455827142,FALSE,,,2015,TRUE
2016-02-22,2016-W08,263,5.57594910314632,FALSE,,,2015,TRUE
2016-02-29,2016-W09,225.51,5.42278909405888,FALSE,,,2015,TRUE
2016-03-07,2016-W10,231.89,5.4505662390857,FALSE,,,2015,TRUE
2016-03-14,2016-W11,205.19,5.32879807380162,FALSE,,,2015,TRUE
2016-03-21,2016-W12,181.63,5.20746224820395,FALSE,,,2015,TRUE
2016-03-28,2016-W13,127.68,4.85732870237083,FALSE,,,2015,TRUE
2016-04-04,2016-W14,51.5,3.96081316959758,FALSE,,,2015,TRUE
2016-04-11,2016-W15,35.48,3.59676416520613,FALSE,,,2015,TRUE
2016-04-18,2016-W16,20.93,3.0878555624298,FALSE,,,2015,TRUE
2016-04-25,2016-W17,12.92,2.63332665490627,FALSE,,,2015,FALSE
2016-05-02,2016-W18,7.98,2.19499988231411,FALSE,,,2015,FALSE
2016-05-09,2016-W19,8.17,2.21593728626837,FALSE,,,2015,FALSE
2016-05-16,2016-W20,8.09,2.20717490818939,FALSE,,,2015,FALSE
2016-05-23,2016-W21,1.23,0.802001585472027,FALSE,,,2015,FALSE
2016-05-30,2016-W22,4.52,1.708377860289,FALSE,,,2015,FALSE
2016-06-06,2016-W23,0.62,0.482426149244293,FALSE,,,2015,FALSE
2016-06-13,2016-W24,5.13,1.81319474994812,FALSE,,,2015,FALSE
2016-06-20,2016-W25,3.75,1.55814461804655,FALSE,,,2015,FALSE
2016-06-27,2016-W26,0.6,0.470003629245736,FALSE,,,2015,FALSE
2016-07-04,2016-W27,3.37,1.4747630091075,FALSE,,,2015,FALSE
2016-07-11,2016-W28,2.52,1.25846098961001,FALSE,,,2015,FALSE
2016-07-18,2016-W29,7.86,2.18154676461699,FALSE,,,2015,FALSE
2016-07-25,2016-W30,0.73,0.548121408509688,FALSE,,,2015,FALSE
2016-08-01,2016-W31,2.36,1.21194097397511,FALSE,,,2015,FALSE
2016-08-08,2016-W32,0.58,0.457424847038875,FALSE,,,2015,FALSE
2016-08-15,2016-W33,2.35,1.20896034583698,FALSE,,,2015,FALSE
2016-08-22,2016-W34,1.23,0.802001585472027,FALSE,,,2015,FALSE
2016-08-29,2016-W35,3.18,1.43031124653667,FALSE,,,2015,FALSE
2016-09-05,2016-W36,3.19,1.43270073393405,FALSE,,,2015,FALSE
2016-09-12,2016-W37,4.4,1.68639895357023,FALSE,,,2015,FALSE
2016-09-19,2016-W38,4.77,1.75267208052001,FALSE,,,2015,FALSE
2016-09-26,2016-W39,4.92,1.77833644889591,FALSE,,,2015,FALSE
2016-10-03,2016-W40,11.58,2.53210825127229,FALSE,,,2016,TRUE
2016-10-10,2016-W41,17.73,2.930126516456,FALSE,,,2016,TRUE
2016-10-17,2016-W42,12.02,2.56648663678042,FALSE,,,2016,TRUE
2016-10-24,2016-W43,22.99,3.1776370768516,FALSE,,,2016,TRUE
2016-10-31,2016-W44,14.97,2.77071196222692,FALSE,,,2016,TRUE
2016-11-07,2016-W45,20.78,3.08099211750481,FALSE,,,2016,TRUE
2016-11-14,2016-W46,23.81,3.21124679770371,FALSE,,,2016,TRUE
2016-11-21,2016-W47,17.8,2.9338568698359,FALSE,,,2016,TRUE
2016-11-28,2016-W48,40.36,3.72231423020017,FALSE,,,2016,TRUE
2016-12-05,2016-W49,48.07,3.89324785010181,FALSE,,,2016,TRUE
2016-12-12,2016-W50,68.16,4.23642266081509,FALSE,,,2016,TRUE
2016-12-19,2016-W51,130.89,4.88196824183779,FALSE,,,2016,TRUE
2016-12-26,2016-W52,163.94,5.10558177140521,FALSE,,,2016,TRUE
2017-01-02,2017-W01,275.05,5.62058200873005,FALSE,,,2016,TRUE
2017-01-09,2017-W02,352.97,5.86921216377994,FALSE,,,2016,TRUE
2017-01-16,2017-W03,304.26,5.72116387248698,FALSE,,,2016,TRUE
2017-01-23,2017-W04,272.13,5.60994787231845,FALSE,,,2016,TRUE
2017-01-30,2017-W05,264.48,5.58153950827772,FALSE,,,2016,TRUE
2017-02-06,2017-W06,205.7,5.33126846668772,FALSE,,,2016,TRUE
2017-02-13,2017-W07,121.35,4.80688578988868,FALSE,,,2016,TRUE
2017-02-20,2017-W08,72.33,4.29496980210571,FALSE,,,2016,TRUE
2017-02-27,2017-W09,57.86,4.07516174280533,FALSE,,,2016,TRUE
2017-03-06,2017-W10,40.12,3.71649462114691,FALSE,,,2016,TRUE
2017-03-13,2017-W11,21.61,3.11839228628988,FALSE,,,2016,TRUE
2017-03-20,2017-W12,13.74,2.69056488676119,FALSE,,,2016,TRUE
2017-03-27,2017-W13,8.75,2.27726728500976,FALSE,,,2016,TRUE
2017-04-03,2017-W14,6.78,2.0515563381903,FALSE,,,2016,TRUE
2017-04-10,2017-W15,1.4,0.8754687373539,FALSE,,,2016,TRUE
2017-04-17,2017-W16,2.43,1.23256026117785,FALSE,,,2016,TRUE
2017-04-24,2017-W17,2.83,1.34286480319255,FALSE,,,2016,FALSE
2017-05-01,2017-W18,2.41,1.22671229129543,FALSE,,,2016,FALSE
2017-05-08,2017-W19,2.27,1.18478998490916,FALSE,,,2016,FALSE
2017-05-15,2017-W20,1.77,1.01884732019925,FALSE,,,2016,FALSE
2017-05-22,2017-W21,1.48,0.908258560176891,FALSE,,,2016,FALSE
2017-05-29,2017-W22,0.59,0.46373401623214,FALSE,,,2016,FALSE
2017-06-05,2017-W23,0.71,0.536493370514569,FALSE,,,2016,FALSE
2017-06-12,2017-W24,2.32,1.1999647829284,FALSE,,,2016,FALSE
2017-06-19,2017-W25,1.8,1.02961941718116,FALSE,,,2016,FALSE
2017-06-26,2017-W26,1.18,0.779324876800998,FALSE,,,2016,FALSE
2017-07-03,2017-W27,0.62,0.482426149244293,FALSE,,,2016,FALSE
2017-07-10,2017-W28,0.65,0.500775287912489,FALSE,,,2016,FALSE
2017-07-17,2017-W29,0,0,FALSE,,,2016,FALSE
2017-07-24,2017-W30,0,0,FALSE,,,2016,FALSE
2017-07-31,2017-W31,5.83,1.9213246735827,FALSE,,,2016,FALSE
2017-08-07,2017-W32,1.84,1.04380405217311,FALSE,,,2016,FALSE
2017-08-14,2017-W33,5.25,1.83258146374831,FALSE,,,2016,FALSE
2017-08-21,2017-W34,2.99,1.38379123090177,FALSE,,,2016,FALSE
2017-08-28,2017-W35,2.96,1.37624402526639,FALSE,,,2016,FALSE
2017-09-04,2017-W36,1.29,0.828551817566148,FALSE,,,2016,FALSE
2017-09-11,2017-W37,4.15,1.63899671467564,FALSE,,,2016,FALSE
2017-09-18,2017-W38,4.18,1.64480505627139,FALSE,,,2016,FALSE
2017-09-25,2017-W39,8.4,2.24070968927596,FALSE,,,2016,FALSE
2017-10-02,2017-W40,8.97,2.29958058397375,FALSE,,,2017,TRUE
2017-10-09,2017-W41,10,2.39789527279837,FALSE,,,2017,TRUE
2017-10-16,2017-W42,12.62,2.61153930072137,FALSE,,,2017,TRUE
2017-10-23,2017-W43,17.34,2.90908446682832,FALSE,,,2017,TRUE
2017-10-30,2017-W44,17.56,2.92100872735805,FALSE,,,2017,TRUE
2017-11-06,2017-W45,15.68,2.8142103969306,FALSE,,,2017,TRUE
2017-11-13,2017-W46,17.32,2.90799335924598,FALSE,,,2017,TRUE
2017-11-20,2017-W47,17.54,2.91993056013771,FALSE,,,2017,TRUE
2017-11-27,2017-W48,29.49,3.41739876100016,FALSE,,,2017,TRUE
2017-12-04,2017-W49,35.68,3.60223164738826,FALSE,,,2017,TRUE
2017-12-11,2017-W50,62.03,4.14361080352502,FALSE,,,2017,TRUE
2017-12-18,2017-W51,111.35,4.72161899863134,FALSE,,,2017,TRUE
2017-12-25,2017-W52,165.86,5.11715513747393,FALSE,,,2017,TRUE
2018-01-01,2018-W01,303.16,5.71755387874012,FALSE,,,2017,TRUE
2018-01-08,2018-W02,368.04,5.91090503924957,FALSE,,,2017,TRUE
2018-01-15,2018-W03,305.38,5.72482616158455,FALSE,,,2017,TRUE
2018-01-22,2018-W04,365.65,5.90440771453981,FALSE,,,2017,TRUE
2018-01-29,2018-W05,310.6,5.74172031399659,FALSE,,,2017,TRUE
2018-02-05,2018-W06,273.47,5.61484196535955,FALSE,,,2017,TRUE
2018-02-12,2018-W07,270.56,5.60418310943345,FALSE,,,2017,TRUE
2018-02-19,2018-W08,258.78,5.55983511897914,FALSE,,,2017,TRUE
2018-02-26,2018-W09,254.89,5.54474766463744,FALSE,,,2017,TRUE
2018-03-05,2018-W10,205.02,5.32797325145555,FALSE,,,2017,TRUE
2018-03-12,2018-W11,190.3,5.25384287644621,FALSE,,,2017,TRUE
2018-03-19,2018-W12,127.01,4.85210838586802,FALSE,,,2017,TRUE
2018-03-26,2018-W13,98.03,4.59542283453321,FALSE,,,2017,TRUE
2018-04-02,2018-W14,43.31,3.7912103852114,FALSE,,,2017,TRUE
2018-04-09,2018-W15,33.12,3.52988372262348,FALSE,,,2017,TRUE
2018-04-16,2018-W16,15.16,2.78253905309295,FALSE,,,2017,TRUE
2018-04-23,2018-W17,11.15,2.49732916978656,FALSE,,,2017,FALSE
2018-04-30,2018-W18,7.38,2.12584791449399,FALSE,,,2017,FALSE
2018-05-07,2018-W19,7.75,2.16905370036952,FALSE,,,2017,FALSE
2018-05-14,2018-W20,6.85,2.06051353179432,FALSE,,,2017,FALSE
2018-05-21,2018-W21,1.43,0.887891257352457,FALSE,,,2017,FALSE
2018-05-28,2018-W22,1.29,0.828551817566148,FALSE,,,2017,FALSE
2018-06-04,2018-W23,0,0,FALSE,,,2017,FALSE
2018-06-11,2018-W24,1.2,0.78845736036427,FALSE,,,2017,FALSE
2018-06-18,2018-W25,4.03,1.61541998411165,FALSE,,,2017,FALSE
2018-06-25,2018-W26,5.74,1.90805992492422,FALSE,,,2017,FALSE
2018-07-02,2018-W27,0,0,FALSE,,,2017,FALSE
2018-07-09,2018-W28,0.65,0.500775287912489,FALSE,,,2017,FALSE
2018-07-16,2018-W29,1.91,1.0681530811834,FALSE,,,2017,FALSE
2018-07-23,2018-W30,2.72,1.31372366828506,FALSE,,,2017,FALSE
2018-07-30,2018-W31,1.39,0.871293365943419,FALSE,,,2017,FALSE
2018-08-06,2018-W32,2.64,1.29198368164865,FALSE,,,2017,FALSE
2018-08-13,2018-W33,1.38,0.867100487683383,FALSE,,,2017,FALSE
2018-08-20,2018-W34,2.61,1.28370777234479,FALSE,,,2017,FALSE
2018-08-27,2018-W35,0,0,FALSE,,,2017,FALSE
2018-09-03,2018-W36,3.42,1.48613969608961,FALSE,,,2017,FALSE
2018-09-10,2018-W37,2.56,1.26976054486394,FALSE,,,2017,FALSE
2018-09-17,2018-W38,7.6,2.15176220325946,FALSE,,,2017,FALSE
2018-09-24,2018-W39,6.34,1.99333884262642,FALSE,,,2017,FALSE
2018-10-01,2018-W40,11.44,2.52091708731103,FALSE,,,2018,TRUE
2018-10-08,2018-W41,6.54,2.02022218201987,FALSE,,,2018,TRUE
2018-10-15,2018-W42,14.7,2.75366071235426,FALSE,,,2018,TRUE
2018-10-22,2018-W43,9.19,2.32140684723463,FALSE,,,2018,TRUE
2018-10-29,2018-W44,18.34,2.96217549002515,FALSE,,,2018,TRUE
2018-11-05,2018-W45,14.72,2.75493378700106,FALSE,,,2018,TRUE
2018-11-12,2018-W46,16.2,2.84490938381941,FALSE,,,2018,TRUE
2018-11-19,2018-W47,35.67,3.60195898208323,FALSE,,,2018,TRUE
2018-11-26,2018-W48,22.61,3.16167035109742,FALSE,,,2018,TRUE
2018-12-03,2018-W49,33.83,3.55047908437791,FALSE,,,2018,TRUE
2018-12-10,2018-W50,24.06,3.22127294946792,FALSE,,,2018,TRUE
2018-12-17,2018-W51,45.15,3.83189696094886,FALSE,,,2018,TRUE
2018-12-24,2018-W52,29.87,3.42978483851407,FALSE,,,2018,TRUE
2018-12-31,2019-W01,63.39,4.16495834155009,FALSE,,,2018,TRUE
2019-01-07,2019-W02,126.03,4.84442327903537,FALSE,,,2018,TRUE
2019-01-14,2019-W03,148.34,5.00622558560756,FALSE,,,2018,TRUE
2019-01-21,2019-W04,220.54,5.40060316008879,FALSE,,,2018,TRUE
2019-01-28,2019-W05,255.16,5.5458022492484,FALSE,,,2018,TRUE
2019-02-04,2019-W06,319.82,5.7708802181887,FALSE,,,2018,TRUE
2019-02-11,2019-W07,318.6,5.76707021389212,FALSE,,,2018,TRUE
2019-02-18,2019-W08,252.05,5.53358709766009,FALSE,,,2018,TRUE
2019-02-25,2019-W09,195.13,5.27877770467342,FALSE,,,2018,TRUE
2019-03-04,2019-W10,139.15,4.9427132776108,FALSE,,,2018,TRUE
2019-03-11,2019-W11,111.55,4.72339756735274,FALSE,,,2018,TRUE
2019-03-18,2019-W12,78.83,4.37989937365771,FALSE,,,2018,TRUE
2019-03-25,2019-W13,46.47,3.86009793256323,FALSE,,,2018,TRUE
2019-04-01,2019-W14,22.83,3.17094529111065,FALSE,,,2018,TRUE
2019-04-08,2019-W15,23.48,3.19785645764413,FALSE,,,2018,TRUE
2019-04-15,2019-W16,8.65,2.26695791535089,FALSE,,,2018,TRUE
2019-04-22,2019-W17,5.12,1.81156209652423,FALSE,,,2018,FALSE
2019-04-29,2019-W18,4.42,1.69009581545155,FALSE,,,2018,FALSE
2019-05-06,2019-W19,3.92,1.59330853050422,FALSE,,,2018,FALSE
2019-05-13,2019-W20,3.57,1.51951320490611,FALSE,,,2018,FALSE
2019-05-20,2019-W21,1.77,1.01884732019925,FALSE,,,2018,FALSE
2019-05-27,2019-W22,1.52,0.924258901523332,FALSE,,,2018,FALSE
2019-06-03,2019-W23,3.15,1.42310833424261,FALSE,,,2018,FALSE
2019-06-10,2019-W24,2.11,1.13462272619114,FALSE,,,2018,FALSE
2019-06-17,2019-W25,1.25,0.810930216216329,FALSE,,,2018,FALSE
2019-06-24,2019-W26,0.62,0.482426149244293,FALSE,,,2018,FALSE
2019-07-01,2019-W27,1.25,0.810930216216329,FALSE,,,2018,FALSE
2019-07-08,2019-W28,1.19,0.783901543828409,FALSE,,,2018,FALSE
2019-07-15,2019-W29,0.58,0.457424847038875,FALSE,,,2018,FALSE
2019-07-22,2019-W30,2.49,1.24990173621434,FALSE,,,2018,FALSE
2019-07-29,2019-W31,1.16,0.770108221696074,FALSE,,,2018,FALSE
2019-08-05,2019-W32,0,0,FALSE,,,2018,FALSE
2019-08-12,2019-W33,0,0,FALSE,,,2018,FALSE
2019-08-19,2019-W34,1.23,0.802001585472027,FALSE,,,2018,FALSE
2019-08-26,2019-W35,1.21,0.792992515529662,FALSE,,,2018,FALSE
2019-09-02,2019-W36,0,0,FALSE,,,2018,FALSE
2019-09-09,2019-W37,0.67,0.512823626428664,FALSE,,,2018,FALSE
2019-09-16,2019-W38,1.3,0.832909122935104,FALSE,,,2018,FALSE
2019-09-23,2019-W39,1.76,1.01523067972906,FALSE,,,2018,FALSE
2019-09-30,2019-W40,5.02,1.79508725932073,FALSE,,,2019,TRUE
2019-10-07,2019-W41,7.14,2.09679018001445,FALSE,,,2019,TRUE
2019-10-14,2019-W42,4.57,1.71739505393919,FALSE,,,2019,TRUE
2019-10-21,2019-W43,5.4,1.85629799036563,FALSE,,,2019,TRUE
2019-10-28,2019-W44,10.38,2.43185742869819,FALSE,,,2019,TRUE
2019-11-04,2019-W45,17.8,2.9338568698359,FALSE,,,2019,TRUE
2019-11-11,2019-W46,22.04,3.13723183582769,FALSE,,,2019,TRUE
2019-11-18,2019-W47,21.76,3.12500460925813,FALSE,,,2019,TRUE
2019-11-25,2019-W48,21.94,3.13288211170122,FALSE,,,2019,TRUE
2019-12-02,2019-W49,24.91,3.25462899457402,FALSE,,,2019,TRUE
2019-12-09,2019-W50,31.43,3.47908392031923,FALSE,,,2019,TRUE
2019-12-16,2019-W51,39.09,3.69112692665442,FALSE,,,2019,TRUE
2019-12-23,2019-W52,37.26,3.64440496401211,FALSE,,,2019,TRUE
2019-12-30,2020-W01,38.63,3.67958640720234,FALSE,,,2019,TRUE
2020-01-06,2020-W02,84.76,4.45155269732249,FALSE,,,2019,TRUE
2020-01-13,2020-W03,108.42,4.69519368863568,FALSE,,,2019,TRUE
2020-01-20,2020-W04,198.64,5.29651574460141,FALSE,,,2019,TRUE
2020-01-27,2020-W05,276.61,5.62621725103859,FALSE,,,2019,TRUE
2020-02-03,2020-W06,321.7,5.77672309905792,FALSE,,,2019,TRUE
2020-02-10,2020-W07,246.51,5.51145098523293,FALSE,,,2019,TRUE
2020-02-17,2020-W08,197.54,5.29099059116158,FALSE,,,2019,TRUE
2020-02-24,2020-W09,171.05,5.14778513224349,FALSE,,,2019,TRUE
2020-03-02,2020-W10,162.71,5.09809656986625,FALSE,,,2019,TRUE
2020-03-09,2020-W11,,4.93898045189464,TRUE,,,2019,TRUE
2020-03-16,2020-W12,,4.77986433392302,TRUE,,,2019,TRUE
2020-03-23,2020-W13,100.57,4.62074821595141,FALSE,,,2019,TRUE
2020-03-30,2020-W14,71.74,4.28689143955884,FALSE,,,2019,TRUE
2020-04-06,2020-W15,24.12,3.2236643416,FALSE,,,2019,TRUE
2020-04-13,2020-W16,11.57,2.53131302260216,FALSE,,,2019,TRUE
2020-04-20,2020-W17,11.04,2.48823443988068,FALSE,,,2019,FALSE
2020-04-27,2020-W18,12.6,2.61006979274201,FALSE,,,2019,FALSE
2020-05-04,2020-W19,13.35,2.66374994220563,FALSE,,,2019,FALSE
2020-05-11,2020-W20,8.05,2.20276475771183,FALSE,,,2019,FALSE
2020-05-18,2020-W21,12.15,2.57642175862377,FALSE,,,2019,FALSE
2020-05-25,2020-W22,9.9,2.3887627892351,FALSE,,,2019,FALSE
2020-06-01,2020-W23,14.98,2.77133794033813,FALSE,,,2019,FALSE
2020-06-08,2020-W24,17.31,2.90744735868642,FALSE,,,2019,FALSE
2020-06-15,2020-W25,34.2,3.56104608260405,FALSE,,,2019,FALSE
2020-06-22,2020-W26,36.48,3.62380745737022,FALSE,,,2019,FALSE
2020-06-29,2020-W27,50.28,3.93730081261241,FALSE,,,2019,FALSE
2020-07-06,2020-W28,32.85,3.52193899935828,FALSE,,,2019,FALSE
2020-07-13,2020-W29,26.44,3.31200180285769,FALSE,,,2019,FALSE
2020-07-20,2020-W30,15.34,2.79361608943186,FALSE,,,2019,FALSE
2020-07-27,2020-W31,9.59,2.35991015961332,FALSE,,,2019,FALSE
2020-08-03,2020-W32,12.13,2.57489968831471,FALSE,,,2019,FALSE
2020-08-10,2020-W33,21.77,3.12544388007565,FALSE,,,2019,FALSE
2020-08-17,2020-W34,32.85,3.52193899935828,FALSE,,,2019,FALSE
2020-08-24,2020-W35,43.66,3.79907824641201,FALSE,,,2019,FALSE
2020-08-31,2020-W36,64.09,4.1757709275843,FALSE,,,2019,FALSE
2020-09-07,2020-W37,54.97,4.02481583290327,FALSE,,,2019,FALSE
2020-09-14,2020-W38,51.78,3.96613233107518,FALSE,,,2019,FALSE
2020-09-21,2020-W39,45.3,3.83514196109219,FALSE,,,2019,FALSE
2020-09-28,2020-W40,50.69,3.94526433920795,FALSE,,,2020,TRUE
2020-10-05,2020-W41,49.24,3.91681152215994,FALSE,,,2020,TRUE
2020-10-12,2020-W42,61.8,4.13995507347415,FALSE,,,2020,TRUE
2020-10-19,2020-W43,94.35,4.55755433204643,FALSE,,,2020,TRUE
2020-10-26,2020-W44,121.39,4.80721266739425,FALSE,,,2020,TRUE
2020-11-02,2020-W45,116.05,4.76260119393692,FALSE,,,2020,TRUE
2020-11-09,2020-W46,98,4.59511985013459,FALSE,,,2020,TRUE
2020-11-16,2020-W47,88.07,4.48942257744378,FALSE,,,2020,TRUE
2020-11-23,2020-W48,75.22,4.33362389544571,FALSE,,,2020,TRUE
2020-11-30,2020-W49,103.57,4.6498567036105,FALSE,,,2020,TRUE
2020-12-07,2020-W50,91.76,4.53001551238733,FALSE,,,2020,TRUE
2020-12-14,2020-W51,104.65,4.66013174406207,FALSE,,,2020,TRUE
2020-12-21,2020-W52,55.54,4.03494835226544,FALSE,,,2020,TRUE
2020-12-28,2020-W53,50.29,3.93749580140118,FALSE,,,2020,TRUE
2021-01-04,2021-W01,48.52,3.90237662837634,FALSE,,,2020,TRUE
2021-01-11,2021-W02,45.26,3.83427765680329,FALSE,,,2020,TRUE
2021-01-18,2021-W03,46.93,3.86974161317154,FALSE,,,2020,TRUE
2021-01-25,2021-W04,31.27,3.47413800606387,FALSE,,,2020,TRUE
2021-02-01,2021-W05,44.11,3.8091039514203,FALSE,,,2020,TRUE
2021-02-08,2021-W06,41.39,3.74691248536455,FALSE,,,2020,TRUE
2021-02-15,2021-W07,41.19,3.74218322613625,FALSE,,,2020,TRUE
2021-02-22,2021-W08,37.08,3.63968920992316,FALSE,,,2020,TRUE
2021-03-01,2021-W09,26.03,3.29694736028836,FALSE,,,2020,TRUE
2021-03-08,2021-W10,43.19,3.78849851914265,FALSE,,,2020,TRUE
2021-03-15,2021-W11,46.31,3.85672168964306,FALSE,,,2020,TRUE
2021-03-22,2021-W12,50.16,3.93495797671064,FALSE,,,2020,TRUE
2021-03-29,2021-W13,34.62,3.57290727786152,FALSE,,,2020,TRUE
2021-04-05,2021-W14,55.47,4.03370952368475,FALSE,,,2020,TRUE
2021-04-12,2021-W15,32.56,3.51333488159901,FALSE,,,2020,TRUE
2021-04-19,2021-W16,30.38,3.44617074730489,FALSE,,,2020,TRUE
2021-04-26,2021-W17,25.15,3.26384919051093,FALSE,,,2020,FALSE
2021-05-03,2021-W18,26.36,3.30908209275435,FALSE,,,2020,FALSE
2021-05-10,2021-W19,25.44,3.27487801498349,FALSE,,,2020,FALSE
2021-05-17,2021-W20,23.55,3.20071185424053,FALSE,,,2020,FALSE
2021-05-24,2021-W21,10.43,2.43624147780672,FALSE,,,2020,FALSE
2021-05-31,2021-W22,18.13,2.95125778345216,FALSE,,,2020,FALSE
2021-06-07,2021-W23,9.28,2.33020026002702,FALSE,,,2020,FALSE
2021-06-14,2021-W24,16.54,2.86448398694404,FALSE,,,2020,FALSE
2021-06-21,2021-W25,8.07,2.20497226412705,FALSE,,,2020,FALSE
2021-06-28,2021-W26,9.42,2.34372703632522,FALSE,,,2020,FALSE
2021-07-05,2021-W27,11.22,2.50307395374345,FALSE,,,2020,FALSE
2021-07-12,2021-W28,21.35,3.10682632105958,FALSE,,,2020,FALSE
2021-07-19,2021-W29,23.02,3.17888681665184,FALSE,,,2020,FALSE
2021-07-26,2021-W30,8.49,2.25023861262184,FALSE,,,2020,FALSE
2021-08-02,2021-W31,8.95,2.2975725511705,FALSE,,,2020,FALSE
2021-08-09,2021-W32,22.63,3.16251709119882,FALSE,,,2020,FALSE
2021-08-16,2021-W33,30.52,3.45062226498968,FALSE,,,2020,FALSE
2021-08-23,2021-W34,35.27,3.59099095329481,FALSE,,,2020,FALSE
2021-08-30,2021-W35,32.04,3.49771894865278,FALSE,,,2020,FALSE
2021-09-06,2021-W36,42.25,3.76699723337789,FALSE,,,2020,FALSE
2021-09-13,2021-W37,36.64,3.62806731471718,FALSE,,,2020,FALSE
2021-09-20,2021-W38,36.13,3.61442526818899,FALSE,,,2020,FALSE
2021-09-27,2021-W39,32.71,3.51779452924597,FALSE,,,2020,FALSE
2021-10-04,2021-W40,20.87,3.08511583468868,FALSE,,,2021,TRUE
2021-10-11,2021-W41,23.72,3.20761263258949,FALSE,,,2021,TRUE
2021-10-18,2021-W42,25.13,3.26308407953252,FALSE,,,2021,TRUE
2021-10-25,2021-W43,46.04,3.85099830359037,FALSE,,,2021,TRUE
2021-11-01,2021-W44,43.24,3.78962935721408,FALSE,,,2021,TRUE
2021-11-08,2021-W45,45.98,3.84972197923077,FALSE,,,2021,TRUE
2021-11-15,2021-W46,56.39,4.04987007212027,FALSE,,,2021,TRUE
2021-11-22,2021-W47,92.78,4.54095161366144,FALSE,,,2021,TRUE
2021-11-29,2021-W48,74.09,4.31868739411179,FALSE,,,2021,TRUE
2021-12-06,2021-W49,61.95,4.14234076049036,FALSE,,,2021,TRUE
2021-12-13,2021-W50,62.22,4.14662070678747,FALSE,,,2021,TRUE
2021-12-20,2021-W51,73.62,4.31240856779301,FALSE,,,2021,TRUE
2021-12-27,2021-W52,47.3,3.87743156065853,FALSE,,,2021,TRUE
2022-01-03,2022-W01,77.49,4.36297122813872,FALSE,,,2021,TRUE
2022-01-10,2022-W02,88.95,4.49925396039654,FALSE,,,2021,TRUE
2022-01-17,2022-W03,97.29,4.58792229257854,FALSE,,,2021,TRUE
2022-01-24,2022-W04,109.69,4.70673350139753,FALSE,,,2021,TRUE
2022-01-31,2022-W05,114.06,4.74545373143515,FALSE,,,2021,TRUE
2022-02-07,2022-W06,86.95,4.47676847118357,FALSE,11.2160574197009,2,2021,TRUE
2022-02-14,2022-W07,61.13,4.1292289640756,FALSE,11.2664387600841,2,2021,TRUE
2022-02-21,2022-W08,70.01,4.262820712194,FALSE,11.7013720518744,2,2021,TRUE
2022-02-28,2022-W09,86.73,4.47426391614029,FALSE,11.7992414683073,2,2021,TRUE
2022-03-07,2022-W10,108.6,4.69683737451392,FALSE,12.0714116603093,2,2021,TRUE
2022-03-14,2022-W11,133.76,4.90349541853835,FALSE,12.0330264948798,2,2021,TRUE
2022-03-21,2022-W12,118.79,4.78574020974324,FALSE,11.9838880842492,2,2021,TRUE
2022-03-28,2022-W13,101.16,4.62654021172428,FALSE,11.8776981344013,2,2021,TRUE
2022-04-04,2022-W14,79.34,4.38626762893114,FALSE,12.0452736141936,2,2021,TRUE
2022-04-11,2022-W15,76.49,4.35014889577586,FALSE,11.8109135801472,2,2021,TRUE
2022-04-18,2022-W16,51.73,3.96518455354238,FALSE,11.7440070566205,2,2021,TRUE
2022-04-25,2022-W17,42.37,3.76976795784727,FALSE,11.8084745707058,2,2021,FALSE
2022-05-02,2022-W18,37.11,3.64047671488577,FALSE,,,2021,FALSE
2022-05-09,2022-W19,24.67,3.24532299488305,FALSE,,,2021,FALSE
2022-05-16,2022-W20,26.62,3.31854014798115,FALSE,,,2021,FALSE
2022-05-23,2022-W21,18.76,2.98365969231972,FALSE,,,2021,FALSE
2022-05-30,2022-W22,21.89,3.13070013396448,FALSE,,,2021,FALSE
2022-06-06,2022-W23,32.23,3.5034530823665,FALSE,,,2021,FALSE
2022-06-13,2022-W24,35.99,3.61064760584436,FALSE,,,2021,FALSE
2022-06-20,2022-W25,36.58,3.62647199398532,FALSE,,,2021,FALSE
2022-06-27,2022-W26,40.38,3.7227976723174,FALSE,,,2021,FALSE
2022-07-04,2022-W27,36.33,3.61979729292649,FALSE,,,2021,FALSE
2022-07-11,2022-W28,54.24,4.01168732854109,FALSE,,,2021,FALSE
2022-07-18,2022-W29,47.49,3.88135759111726,FALSE,,,2021,FALSE
2022-07-25,2022-W30,26.62,3.31854014798115,FALSE,,,2021,FALSE
2022-08-01,2022-W31,21.49,3.11307076597122,FALSE,,,2021,FALSE
2022-08-08,2022-W32,22.84,3.17136484219715,FALSE,,,2021,FALSE
2022-08-15,2022-W33,34.86,3.57962246817699,FALSE,,,2021,FALSE
2022-08-22,2022-W34,27.02,3.33291854090886,FALSE,,,2021,FALSE
2022-08-29,2022-W35,30.39,3.44648937085386,FALSE,,,2021,FALSE
2022-09-05,2022-W36,27.72,3.35759374418002,FALSE,,,2021,FALSE
2022-09-12,2022-W37,32.47,3.51064951522324,FALSE,10.8800848467694,2,2021,FALSE
2022-09-19,2022-W38,42.47,3.7720710450007,FALSE,10.7186196075778,2,2021,FALSE
2022-09-26,2022-W39,50.85,3.94835493467554,FALSE,10.7920819041558,2,2021,FALSE
2022-10-03,2022-W40,53.66,4.00113218049992,FALSE,11.0504388038519,2,2022,TRUE
2022-10-10,2022-W41,47.65,3.88465180863201,FALSE,10.6123612648208,2,2022,TRUE
2022-10-17,2022-W42,51.7,3.96461545554732,FALSE,10.5027337182771,2,2022,TRUE
2022-10-24,2022-W43,41.16,3.74147190423311,FALSE,10.8492682381831,2,2022,TRUE
2022-10-31,2022-W44,42.48,3.77230106225301,FALSE,11.0563282640194,2,2022,TRUE
2022-11-07,2022-W45,48.42,3.90035520056046,FALSE,11.0486948208175,6,2022,TRUE
2022-11-14,2022-W46,36.17,3.61550198430916,FALSE,11.2865659175673,6,2022,TRUE
2022-11-21,2022-W47,43.7,3.79997350161952,FALSE,11.5218088114011,6,2022,TRUE
2022-11-28,2022-W48,71.26,4.28027072571949,FALSE,11.9564496966377,6,2022,TRUE
2022-12-05,2022-W49,93.77,4.5514529034821,FALSE,12.2235414428317,6,2022,TRUE
2022-12-12,2022-W50,132.65,4.89522444258493,FALSE,12.5831091301698,6,2022,TRUE
2022-12-19,2022-W51,235.09,5.46421308826012,FALSE,12.69780318412,6,2022,TRUE
2022-12-26,2022-W52,133.25,4.89970373338897,FALSE,12.4244538710994,6,2022,TRUE
2023-01-02,2023-W01,92.33,4.53614159957766,FALSE,12.0314687240243,6,2022,TRUE
2023-01-09,2023-W02,95.89,4.57357631439691,FALSE,11.8578052080308,6,2022,TRUE
2023-01-16,2023-W03,77.27,4.36016438781675,FALSE,12.2124393946609,6,2022,TRUE
2023-01-23,2023-W04,63.38,4.16480302587066,FALSE,11.7982942463497,6,2022,TRUE
2023-01-30,2023-W05,84.74,4.45131946116983,FALSE,12.0437388236366,6,2022,TRUE
2023-02-06,2023-W06,98.88,4.60396946541157,FALSE,11.8608185732396,6,2022,TRUE
2023-02-13,2023-W07,83.62,4.43817064529192,FALSE,12.0972522105687,5,2022,TRUE
2023-02-20,2023-W08,106.88,4.68101949827153,FALSE,11.7754703884321,6,2022,TRUE
2023-02-27,2023-W09,86.04,4.46636778310763,FALSE,11.5566950835119,6,2022,TRUE
2023-03-06,2023-W10,88.84,4.49803031043019,FALSE,11.6318095035711,6,2022,TRUE
2023-03-13,2023-W11,75.18,4.33309896105046,FALSE,11.3992174371114,6,2022,TRUE
2023-03-20,2023-W12,73.96,4.31695463793017,FALSE,11.2501557379681,7,2022,TRUE
2023-03-27,2023-W13,49.02,3.91242292544947,FALSE,11.0283106371377,7,2022,TRUE
2023-04-03,2023-W14,46.65,3.86388263010021,FALSE,10.818850336111,7,2022,TRUE
2023-04-10,2023-W15,29.29,3.41081762503915,FALSE,10.7962636703259,7,2022,TRUE
2023-04-17,2023-W16,23.91,3.21526932927409,FALSE,10.5940603391083,7,2022,TRUE
2023-04-24,2023-W17,23.51,3.19908119754002,FALSE,10.6904886671945,7,2022,FALSE
2023-05-01,2023-W18,23.97,3.21767510429168,FALSE,10.7823957397309,7,2022,FALSE
2023-05-08,2023-W19,17.26,2.90471287516682,FALSE,10.2161821528022,7,2022,FALSE
2023-05-15,2023-W20,12.99,2.63834278867739,FALSE,10.2590840342571,7,2022,FALSE
2023-05-22,2023-W21,15.74,2.81780106506133,FALSE,10.4962704194114,7,2022,FALSE
2023-05-29,2023-W22,9.83,2.3823200610129,FALSE,10.5658000115623,7,2022,FALSE
2023-06-05,2023-W23,12.79,2.62394369180521,FALSE,10.4729350485657,7,2022,FALSE
2023-06-12,2023-W24,8.22,2.2213750375685,FALSE,10.4316107138847,7,2022,FALSE
2023-06-19,2023-W25,12.08,2.57108434602905,FALSE,10.4803703656757,7,2022,FALSE
2023-06-26,2023-W26,5.98,1.94304891677428,FALSE,,,2022,FALSE
2023-07-03,2023-W27,6.44,2.006870848845,FALSE,,,2022,FALSE
2023-07-10,2023-W28,9.17,2.31944221006047,FALSE,10.2632510018748,11,2022,FALSE
2023-07-17,2023-W29,5.42,1.85941811770187,FALSE,10.2664138190464,11,2022,FALSE
2023-07-24,2023-W30,6.62,2.03077636969855,FALSE,10.2085307601065,11,2022,FALSE
2023-07-31,2023-W31,7.06,2.08691355651854,FALSE,10.1384979985093,11,2022,FALSE
2023-08-07,2023-W32,17.26,2.90471287516682,FALSE,10.5272487906694,11,2022,FALSE
2023-08-14,2023-W33,15.52,2.80457176809283,FALSE,10.3257780320826,11,2022,FALSE
2023-08-21,2023-W34,15.2,2.78501124223834,FALSE,10.2839201327432,11,2022,FALSE
2023-08-28,2023-W35,24.69,3.24610181112179,FALSE,10.2590300016229,11,2022,FALSE
2023-09-04,2023-W36,30.13,3.43817198445352,FALSE,10.313965162743,11,2022,FALSE
2023-09-11,2023-W37,23.86,3.21326008608257,FALSE,10.2922574778647,11,2022,FALSE
2023-09-18,2023-W38,28.79,3.39417276672519,FALSE,10.4428216392807,11,2022,FALSE
2023-09-25,2023-W39,23.56,3.20111910327894,FALSE,10.3390388244617,11,2022,FALSE
2023-10-02,2023-W40,32.52,3.51214227561388,FALSE,10.412751733618,11,2023,TRUE
2023-10-09,2023-W41,37.84,3.65945064342312,FALSE,10.3967292628474,11,2023,TRUE
2023-10-16,2023-W42,44.82,3.82472067702535,FALSE,10.5485233264386,11,2023,TRUE
2023-10-23,2023-W43,58.9,4.0926765051214,FALSE,10.4928613543904,11,2023,TRUE
2023-10-30,2023-W44,44.89,3.82624722840674,FALSE,10.7398840697934,11,2023,TRUE
2023-11-06,2023-W45,70.81,4.27402374212223,FALSE,10.953021601426,11,2023,TRUE
2023-11-13,2023-W46,72.55,4.29796544704745,FALSE,11.1517696353327,11,2023,TRUE
2023-11-20,2023-W47,76.95,4.35606759550379,FALSE,11.2697669677273,11,2023,TRUE
2023-11-27,2023-W48,80.74,4.40354347813613,FALSE,11.4333235056542,11,2023,TRUE
2023-12-04,2023-W49,76.27,4.34730578194549,FALSE,11.7068847582446,11,2023,TRUE
2023-12-11,2023-W50,85.56,4.46083781509817,FALSE,11.9145022657912,11,2023,TRUE
2023-12-18,2023-W51,98.04,4.59552380893629,FALSE,12.0319107319883,10,2023,TRUE
2023-12-25,2023-W52,67.04,4.22009576752766,FALSE,12.0911914578098,11,2023,TRUE
2024-01-01,2024-W01,71.79,4.28757858313017,FALSE,12.2946686446223,11,2023,TRUE
2024-01-08,2024-W02,112.75,4.73400305783106,FALSE,12.3172230252562,11,2023,TRUE
2024-01-15,2024-W03,128.39,4.86283109932786,FALSE,12.4899040358142,11,2023,TRUE
2024-01-22,2024-W04,129.96,4.87489193306288,FALSE,12.4718323283778,11,2023,TRUE
2024-01-29,2024-W05,144.46,4.97990113472639,FALSE,12.3972202418064,11,2023,TRUE
2024-02-05,2024-W06,133.58,4.90215881776017,FALSE,12.2808287954803,11,2023,TRUE
2024-02-12,2024-W07,93.09,4.54425177101868,FALSE,12.1691603550049,11,2023,TRUE
2024-02-19,2024-W08,92.13,4.53399636653357,FALSE,12.0246328091938,11,2023,TRUE
2024-02-26,2024-W09,72.05,4.29114413819671,FALSE,11.7682075633748,11,2023,TRUE
2024-03-04,2024-W10,63.68,4.16945203470891,FALSE,11.5404052104237,11,2023,TRUE
2024-03-11,2024-W11,52.62,3.98192213280781,FALSE,11.4371784468473,11,2023,TRUE
2024-03-18,2024-W12,50.79,3.9471970804358,FALSE,11.1807034102814,11,2023,TRUE
2024-03-25,2024-W13,40.75,3.73169945129686,FALSE,11.1125034301967,11,2023,TRUE
2024-04-01,2024-W14,46.28,3.85608737309784,FALSE,10.9301807109785,11,2023,TRUE
2024-04-08,2024-W15,29.11,3.40485734249364,FALSE,10.8908801187858,11,2023,TRUE
2024-04-15,2024-W16,29.17,3.40684805317097,FALSE,10.9669354603071,11,2023,TRUE
2024-04-22,2024-W17,27.83,3.36141651165031,FALSE,10.8942639380832,11,2023,FALSE
2024-04-29,2024-W18,18.11,2.95021175825218,FALSE,11.1405879497569,11,2023,FALSE
2024-05-06,2024-W19,33.47,3.54008938052877,FALSE,10.85752323326,11,2023,FALSE
2024-05-13,2024-W20,20.7,3.07731226054641,FALSE,10.6492307070056,11,2023,FALSE
2024-05-20,2024-W21,19.02,2.99673177388707,FALSE,10.5852521064513,11,2023,FALSE
2024-05-27,2024-W22,22.6,3.16124671203156,FALSE,10.8590767130229,11,2023,FALSE
2024-06-03,2024-W23,19.34,3.01258939062041,FALSE,10.7090841918646,11,2023,FALSE
2024-06-10,2024-W24,21.32,3.10548313751311,FALSE,10.8126498288221,11,2023,FALSE
2024-06-17,2024-W25,26.87,3.32755084149386,FALSE,10.8821466514942,11,2023,FALSE
2024-06-24,2024-W26,14.25,2.72457950305342,FALSE,11.0605122927566,11,2023,FALSE
2024-07-01,2024-W27,12.78,2.62321826558551,FALSE,10.9617449584412,11,2023,FALSE
2024-07-08,2024-W28,16.26,2.84839168565528,FALSE,10.6220660997023,11,2023,FALSE
2024-07-15,2024-W29,16.98,2.88926002904347,FALSE,10.5083404188874,11,2023,FALSE
2024-07-22,2024-W30,13.47,2.67207754064339,FALSE,10.4111981433093,5,2023,FALSE
2024-07-29,2024-W31,10.91,2.47737838336721,FALSE,,,2023,FALSE
2024-08-05,2024-W32,13.75,2.69124308278583,FALSE,10.9658310467217,11,2023,FALSE
2024-08-12,2024-W33,17.12,2.89701630061483,FALSE,10.6432340249001,11,2023,FALSE
2024-08-19,2024-W34,21.51,3.11395965491864,FALSE,10.9309190061432,11,2023,FALSE
2024-08-26,2024-W35,24.13,3.2240623515555,FALSE,11.0489837819985,11,2023,FALSE
2024-09-02,2024-W36,20.92,3.08739946207982,FALSE,10.7617550924074,11,2023,FALSE
2024-09-09,2024-W37,32.39,3.50825645395556,FALSE,10.963182635136,11,2023,FALSE
2024-09-16,2024-W38,32,3.49650756146648,FALSE,10.7725384629893,11,2023,FALSE
2024-09-23,2024-W39,30.72,3.45694739676665,FALSE,10.7494315912478,11,2023,FALSE
2024-09-30,2024-W40,38.23,3.66944176022146,FALSE,10.7200031962159,11,2024,TRUE
2024-10-07,2024-W41,37.07,3.63942657039441,FALSE,10.7666382841879,11,2024,TRUE
2024-10-14,2024-W42,37.03,3.63837532194017,FALSE,10.8488356765314,11,2024,TRUE
2024-10-21,2024-W43,45.22,3.83341260484623,FALSE,10.7562566790242,11,2024,TRUE
2024-10-28,2024-W44,42.19,3.76560898697261,FALSE,10.8189437962061,11,2024,TRUE
2024-11-04,2024-W45,45.24,3.83384522436412,FALSE,11.0425562296558,11,2024,TRUE
2024-11-11,2024-W46,56.33,4.04882404692029,FALSE,11.1000532115774,11,2024,TRUE
2024-11-18,2024-W47,58.37,4.08378904828258,FALSE,11.0636036941763,11,2024,TRUE
2024-11-25,2024-W48,48.36,3.89914037959713,FALSE,11.4096196375655,11,2024,TRUE
2024-12-02,2024-W49,66.39,4.21049663895813,FALSE,11.6560357423754,11,2024,TRUE
2024-12-09,2024-W50,72.17,4.29278550089594,FALSE,11.9516163343071,11,2024,TRUE
2024-12-16,2024-W51,80.56,4.40133894570625,FALSE,12.2916660877848,11,2024,TRUE
2024-12-23,2024-W52,55.39,4.03229183781909,FALSE,12.5105808369165,10,2024,TRUE
2024-12-30,2025-W01,137.97,4.93425808249849,FALSE,12.534271314626,10,2024,TRUE
2025-01-06,2025-W02,179.71,5.19689353641007,FALSE,12.4891070110326,11,2024,TRUE
2025-01-13,2025-W03,192.04,5.26289742131678,FALSE,12.3959286799196,11,2024,TRUE
2025-01-20,2025-W04,236.98,5.47218663652701,FALSE,12.53077414037,11,2024,TRUE
2025-01-27,2025-W05,276.05,5.62419799531336,FALSE,12.5177477603517,11,2024,TRUE
2025-02-03,2025-W06,305.9,5.72652196162569,FALSE,12.3992055730544,11,2024,TRUE
2025-02-10,2025-W07,219.6,5.3963511068194,FALSE,12.2837801157161,11,2024,TRUE
2025-02-17,2025-W08,197.99,5.29325457220558,FALSE,12.1428600655243,11,2024,TRUE
2025-02-24,2025-W09,128,4.85981240436167,FALSE,12.1113494811716,11,2024,TRUE
2025-03-03,2025-W10,118.37,4.78222791310695,FALSE,11.9321063176584,11,2024,TRUE
2025-03-10,2025-W11,90.31,4.51426031062825,FALSE,11.785115907509,11,2024,TRUE
2025-03-17,2025-W12,64.31,4.17914516391457,FALSE,11.6620407017064,11,2024,TRUE
2025-03-24,2025-W13,43.85,3.80332358850481,FALSE,11.407408913029,11,2024,TRUE
2025-03-31,2025-W14,44.32,3.81374843615981,FALSE,11.2437880867383,11,2024,TRUE
2025-04-07,2025-W15,28.91,3.39819287264186,FALSE,11.1080324162919,11,2024,TRUE
2025-04-14,2025-W16,28.11,3.37108175775753,FALSE,10.8769927625506,11,2024,TRUE
2025-04-21,2025-W17,23.76,3.2092294478164,FALSE,10.7316645279387,11,2024,FALSE
2025-04-28,2025-W18,24.7,3.24649099190117,FALSE,10.7306652273355,9,2024,FALSE
2025-05-05,2025-W19,25.31,3.2699490950522,FALSE,10.5489624119202,10,2024,FALSE
2025-05-12,2025-W20,14.57,2.74534598584591,FALSE,10.7923769024706,10,2024,FALSE
2025-05-19,2025-W21,14.49,2.74019465442878,FALSE,10.5701099041545,11,2024,FALSE
2025-05-26,2025-W22,14.58,2.7459880404426,FALSE,10.7480255759382,11,2024,FALSE
2025-06-02,2025-W23,19.54,3.02237420450041,FALSE,10.6538545028174,11,2024,FALSE
2025-06-09,2025-W24,27.57,3.35235721624268,FALSE,10.4972411386777,11,2024,FALSE
2025-06-16,2025-W25,17.04,2.89259151463448,FALSE,10.372802974911,11,2024,FALSE
2025-06-23,2025-W26,7.39,2.12704052047912,FALSE,10.7537959486694,11,2024,FALSE
2025-06-30,2025-W27,10.81,2.46894663020927,FALSE,10.5055382407478,11,2024,FALSE
2025-07-07,2025-W28,11.61,2.53449014997683,FALSE,10.3798524995679,11,2024,FALSE
2025-07-14,2025-W29,14.21,2.7219531062712,FALSE,10.4217378857897,6,2024,FALSE
2025-07-21,2025-W30,12.54,2.60564826748413,FALSE,,,2024,FALSE
2025-07-28,2025-W31,11.53,2.52812576890798,FALSE,10.5086873748558,11,2024,FALSE
2025-08-04,2025-W32,8.6,2.26176309847379,FALSE,10.5612919958444,11,2024,FALSE
2025-08-11,2025-W33,10.49,2.44147709186066,FALSE,10.4210615654254,11,2024,FALSE
2025-08-18,2025-W34,17.48,2.91668906621354,FALSE,10.6196182822783,11,2024,FALSE
2025-08-25,2025-W35,16.53,2.86391369893314,FALSE,10.5719172131061,11,2024,FALSE
2025-09-01,2025-W36,19.34,3.01258939062041,FALSE,10.6970928880001,11,2024,FALSE
2025-09-08,2025-W37,31.4,3.47815842279828,FALSE,10.7346223001928,11,2024,FALSE
2025-09-15,2025-W38,32.21,3.50285103538866,FALSE,10.7245712336606,11,2024,FALSE
2025-09-22,2025-W39,27.51,3.35025490292458,FALSE,10.9192332809596,11,2024,FALSE
2025-09-29,2025-W40,32.85,3.52193899935828,FALSE,10.8764110162585,11,2025,TRUE
2025-10-06,2025-W41,26.33,3.30798499993998,FALSE,10.8040503662988,11,2025,TRUE
2025-10-13,2025-W42,33.62,3.54443154974806,FALSE,10.7416600066826,11,2025,TRUE
2025-10-20,2025-W43,27.3,3.34286180464919,FALSE,11.1149502301549,11,2025,TRUE
2025-10-27,2025-W44,35.17,3.58823004596401,FALSE,11.03510880762,11,2025,TRUE
2025-11-03,2025-W45,34.83,3.57878553131686,FALSE,11.2785560261555,11,2025,TRUE
2025-11-10,2025-W46,57.46,4.0683427596831,FALSE,11.4779253221195,11,2025,TRUE
2025-11-17,2025-W47,59.39,4.10082352831981,FALSE,11.6387205640849,11,2025,TRUE
2025-11-24,2025-W48,59.12,4.09634256488477,FALSE,11.8858092157855,11,2025,TRUE
2025-12-01,2025-W49,98.38,4.59895088617417,FALSE,12.1329664270258,11,2025,TRUE
2025-12-08,2025-W50,165.37,5.11421422367165,FALSE,12.3562937515102,11,2025,TRUE
2025-12-15,2025-W51,199.71,5.3018610801714,FALSE,12.4486032257834,10,2025,TRUE
2025-12-22,2025-W52,88.63,4.49569008536927,FALSE,12.4546583279543,9,2025,TRUE
2025-12-29,2026-W01,97.71,4.5921862584298,FALSE,12.3491804478952,11,2025,TRUE
2026-01-05,2026-W02,203.36,5.3198831444626,FALSE,12.4013394653675,11,2025,TRUE
2026-01-12,2026-W03,149.97,5.01708114157965,FALSE,12.2937807460126,11,2025,TRUE
2026-01-19,2026-W04,169.47,5.13855932816283,FALSE,12.1744650940148,11,2025,TRUE
2026-01-26,2026-W05,151.7,5.02847521222459,FALSE,12.0620025729271,11,2025,TRUE
2026-02-02,2026-W06,131.88,4.88944646530504,FALSE,11.8418873111565,11,2025,TRUE
2026-02-09,2026-W07,82.03,4.41920198827394,FALSE,11.6725101752782,11,2025,TRUE
2026-02-16,2026-W08,60.58,4.12033714249635,FALSE,11.448196001001,11,2025,TRUE
2026-02-23,2026-W09,51.47,3.96024157769862,FALSE,11.0980644595408,11,2025,TRUE
2026-03-02,2026-W10,45.18,3.83254680392635,FALSE,10.8371775770065,11,2025,TRUE
2026-03-09,2026-W11,32.13,3.5004392163118,FALSE,10.5318815349733,11,2025,TRUE
2026-03-16,2026-W12,24.42,3.23553626576131,FALSE,10.9958968756183,11,2025,TRUE
2026-03-23,2026-W13,18.87,2.98921105656373,FALSE,10.7463198816423,11,2025,TRUE
2026-03-30,2026-W14,18.14,2.95178038602481,FALSE,10.719749870694,11,2025,TRUE
2026-04-06,2026-W15,18.81,2.98618686071046,FALSE,10.798668087735,11,2025,TRUE
2026-04-13,2026-W16,18.92,2.99172425215645,FALSE,10.3988185046461,11,2025,TRUE
2026-04-20,2026-W17,11.57,2.53131302260216,FALSE,10.4820997982017,11,2025,FALSE
2026-04-27,2026-W18,13.09,2.64546532591059,FALSE,10.2566435186759,11,2025,FALSE
2026-05-04,2026-W19,12.68,2.6159349121944,FALSE,10.4688036306457,11,2025,FALSE
2026-05-11,2026-W20,13.57,2.67896462020711,FALSE,10.2270562409167,11,2025,FALSE
2026-05-18,2026-W21,8.03,2.20055236742889,FALSE,10.2730696248483,11,2025,FALSE
2026-05-25,2026-W22,9.34,2.33601986908028,FALSE,10.2705926207369,11,2025,FALSE
2026-06-01,2026-W23,9.23,2.32532457996354,FALSE,10.3983050690347,11,2025,FALSE
2026-06-08,2026-W24,13.86,2.69867303928961,FALSE,10.6156827352008,11,2025,FALSE
2026-06-15,2026-W25,14.91,2.7669478423497,FALSE,10.4250638721016,11,2025,FALSE
2026-06-22,2026-W26,11.96,2.56186769092413,FALSE,10.7266171848679,11,2025,FALSE
2026-06-29,2026-W27,9.7,2.37024374146786,FALSE,10.3365989747851,11,2025,FALSE
2026-07-06,2026-W28,6.11,1.96150224381515,FALSE,10.2906632151125,11,2025,FALSE
2026-07-13,2026-W29,8.1,2.2082744135228,FALSE,10.3470523584787,11,2025,FALSE
2026-07-20,2026-W30,5.28,1.83736998048011,FALSE,10.0356241510259,6,2025,FALSE
2026-07-27,2026-W31,8.85,2.287471455184,FALSE,,,2025,FALSE
2026-08-03,2026-W32,6.22,1.97685495290473,FALSE,10.6483221599635,11,2025,FALSE
2026-08-10,2026-W33,7.41,2.12942147398486,FALSE,10.8387259011364,11,2025,FALSE
2026-08-17,2026-W34,10.66,2.45616418092235,FALSE,10.9130655648995,11,2025,FALSE
2026-08-24,2026-W35,16.43,2.85819285953193,FALSE,10.8486838073644,11,2025,FALSE
2026-08-31,2026-W36,14.01,2.70871664564537,FALSE,10.8061829456455,11,2025,FALSE
2026-09-07,2026-W37,20.02,3.04547436544881,FALSE,10.8577668074317,11,2025,FALSE
2026-09-14,2026-W38,20.98,3.09013294897548,FALSE,11.0703176828524,6,2025,FALSE
