variant,h,wis,rel_wis_vs_ili_only,mae_per_100k,cov80,dm_p
"ILI + wastewater, 2-week delay (as published)",1,0.127585289086903,0.997270956926798,15.5743529299389,0.758620689655172,0.845885636118982
"ILI + wastewater, 2-week delay (as published)",2,0.179465510855799,1.015921619663,26.6719596945311,0.781609195402299,0.410008547196289
"ILI + wastewater, 2-week delay (as published)",3,0.226802586760237,0.981830752595819,31.8823108093523,0.758620689655172,0.393700232783929
"ILI + wastewater, 2-week delay (as published)",4,0.253783882249548,0.991528793955508,32.8963490687507,0.666666666666667,0.654857243181147
"ILI + wastewater, no delay (hypothetical)",1,0.12185665623055,0.952493073744308,14.9308503071636,0.793103448275862,0.138238631217543
"ILI + wastewater, no delay (hypothetical)",2,0.171215963742546,0.969222433703441,23.8697493793086,0.827586206896552,0.0383854304575313
"ILI + wastewater, no delay (hypothetical)",3,0.223217453346404,0.96631067282891,31.0221193081595,0.735632183908046,0.00451532598686986
"ILI + wastewater, no delay (hypothetical)",4,0.249946563165863,0.976536461387566,32.1965814218977,0.67816091954023,0.227511191145561
ILI only,1,0.127934427650507,1,14.955345285518,0.781609195402299,
ILI only,2,0.176652910403984,1,24.708994181385,0.793103448275862,
ILI only,3,0.230999677042712,1,31.6882953433126,0.770114942528736,
ILI only,4,0.255952105270818,1,32.0529998898905,0.67816091954023,
"ILI only, seed 2",1,0.12754875678921,0.99698540206589,15.3779194758121,0.781609195402299,0.520513659545548
"ILI only, seed 2",2,0.17640103953323,0.998574204805466,23.9956037810925,0.781609195402299,0.861114911688248
"ILI only, seed 2",3,0.232339270496157,1.00579911396671,31.889621277082,0.781609195402299,0.139109359543145
"ILI only, seed 2",4,0.255772233311142,0.999297243679688,31.9366226322407,0.67816091954023,0.939815858717096
"ILI only, seed 3",1,0.127437050640648,0.996112250478674,15.3094292242803,0.793103448275862,0.540344584677186
"ILI only, seed 3",2,0.174966360599886,0.990452748272069,24.4447499390939,0.793103448275862,0.269645924024071
"ILI only, seed 3",3,0.230557229342422,0.998084639312255,31.7489485656189,0.770114942528736,0.783860039631893
"ILI only, seed 3",4,0.256163604619014,1.00082632392483,32.4174954092717,0.67816091954023,0.887333498205462
