model,h,n,wis,rel_wis,mae_log,mae_per_100k,cov50,cov80,dm_p_vs_naive
Naive,1,87,0.154992304453289,1,0.207765496218376,18.6502231578565,0.64367816091954,0.896551724137931,
Naive,2,87,0.235106436219227,1,0.331460196803229,29.961962755757,0.609195402298851,0.942528735632184,
Naive,3,87,0.312101485257648,1,0.430861112697712,37.2461828508529,0.655172413793103,0.96551724137931,
Naive,4,87,0.385984487594023,1,0.545377370865459,45.6824431349833,0.666666666666667,0.977011494252874,
Seasonal naive,1,87,0.305640796673908,1.97197401349705,0.403129800609286,39.0825832073338,0.71264367816092,0.942528735632184,8.31811029487544e-14
Seasonal naive,2,87,0.308568427522161,1.31246269767976,0.413619309782092,39.5840916462389,0.71264367816092,0.942528735632184,0.00273237337365719
Seasonal naive,3,87,0.312421082578932,1.00102401730328,0.427213264269859,39.8722965312134,0.71264367816092,0.931034482758621,0.990501609061231
Seasonal naive,4,87,0.313446206231569,0.812069438814471,0.426167361679578,39.7084649135976,0.747126436781609,0.931034482758621,0.0248010017379099
ARIMA + Fourier,1,87,0.151702474853255,0.97877423907182,0.202237753827014,18.7376469807119,0.758620689655172,0.931034482758621,0.673665571176232
ARIMA + Fourier,2,87,0.195053029773454,0.829637133334686,0.259896109786308,25.7890330914617,0.689655172413793,0.896551724137931,0.0111269730701539
ARIMA + Fourier,3,87,0.238105802148189,0.762911467568399,0.334669181898841,31.4334205670332,0.64367816091954,0.919540229885057,0.00171829856264918
ARIMA + Fourier,4,87,0.268675600272875,0.696078751629697,0.388062558899234,35.8129798077183,0.563218390804598,0.908045977011494,0.00081787402453632
Quantile forest,1,87,0.125740233065666,0.811267588472832,0.179010193721803,16.4868386633899,0.597701149425287,0.862068965517241,7.69070231108348e-06
Quantile forest,2,87,0.167524115514952,0.712545850334536,0.24614116282328,23.1508776437334,0.609195402298851,0.919540229885057,2.14619588070257e-10
Quantile forest,3,87,0.206253731097159,0.66085469259107,0.29313829075796,26.921534035908,0.574712643678161,0.908045977011494,1.32658180269037e-10
Quantile forest,4,87,0.237127202113164,0.61434386545237,0.34046812658179,32.3508316405732,0.67816091954023,0.954022988505747,6.20879848315595e-10
Ensemble,1,87,0.13246829860941,0.85467661814999,0.180297901662906,16.5781408637239,0.666666666666667,0.931034482758621,0.000256418615597136
Ensemble,2,87,0.171121138843467,0.727845403108844,0.237264307035355,23.215320420544,0.655172413793103,0.96551724137931,6.88905638405586e-08
Ensemble,3,87,0.207863501860564,0.666012536559918,0.287855513505651,26.8320892628505,0.655172413793103,0.942528735632184,7.86458804160341e-08
Ensemble,4,87,0.234594400352336,0.607781939151611,0.331683073841364,31.0852277897517,0.655172413793103,0.96551724137931,7.88062538990605e-08
